{
  "models": {
    "asformer": {
      "headline": {
        "NMS(w=1)": {
          "mAP": [
            13.661011047266605,
            60.717339704637986,
            79.75888202148676,
            88.99853601378138
          ],
          "touch": [
            11.799073538438055,
            53.08711318987213,
            73.89140732717037,
            86.46720843495875
          ],
          "untouch": [
            15.522948556095153,
            68.34756621940384,
            85.62635671580314,
            91.529863592604
          ]
        },
        "SoftNMS(w=4)": {
          "mAP": [
            11.470051483138935,
            60.82317525632479,
            81.89345630469232,
            91.64517826442766
          ],
          "touch": [
            9.511830476388706,
            53.40169150595786,
            77.24579695703288,
            90.49771246685779
          ],
          "untouch": [
            13.428272489889165,
            68.24465900669173,
            86.54111565235176,
            92.79264406199752
          ]
        },
        "none": {
          "mAP": [
            24.160247774201807,
            47.073544948988385,
            57.880618106435435,
            62.02808644959374
          ],
          "touch": [
            20.73778472999886,
            40.08892761355584,
            51.30645109498872,
            56.77268495121726
          ],
          "untouch": [
            27.582710818404756,
            54.05816228442093,
            64.45478511788217,
            67.28348794797022
          ]
        }
      },
      "pred_file": "/home/huyanh/Workspace/hand_touch_detection/outputs/spot_head/asformer/pred-test.3.recall.json.gz"
    },
    "mstcn": {
      "headline": {
        "NMS(w=1)": {
          "mAP": [
            14.02707142659249,
            61.966837859194676,
            79.59086681628614,
            88.38040662285866
          ],
          "touch": [
            10.975902985563609,
            55.133888636556804,
            73.86057847665096,
            86.4013644980092
          ],
          "untouch": [
            17.078239867621374,
            68.79978708183255,
            85.32115515592132,
            90.35944874770814
          ]
        },
        "SoftNMS(w=4)": {
          "mAP": [
            12.968995603869892,
            62.36486130183923,
            81.20225581178688,
            89.97821178747019
          ],
          "touch": [
            9.50575668631415,
            55.85996365203939,
            76.2610724505575,
            88.70912675285402
          ],
          "untouch": [
            16.432234521425634,
            68.86975895163904,
            86.14343917301626,
            91.24729682208637
          ]
        },
        "none": {
          "mAP": [
            24.95664891330187,
            50.84286307540563,
            62.22659659828227,
            66.89257222979145
          ],
          "touch": [
            21.16795890837057,
            43.05799764667735,
            54.6563403252597,
            61.057939212589304
          ],
          "untouch": [
            28.745338918233177,
            58.62772850413391,
            69.79685287130484,
            72.72720524699359
          ]
        }
      },
      "pred_file": "/home/huyanh/Workspace/hand_touch_detection/outputs/spot_head/mstcn/pred-test.9.recall.json.gz"
    }
  },
  "nms_window": 1,
  "snms_window": 4,
  "tolerances": [
    0,
    1,
    2,
    4
  ]
}